m1,  m2,  costheta_jn,  phi_orb,  psi,  ra,  dec,  logdistance,  time,  a1,  a2,  tilt1,  tilt2,  phi12,  phi_jl
1.514217143033650537e+01, 6.063740170449759326e+00, -4.210686614017933316e-02, 2.924440307697235841e+00, 2.995800628518570097e+00, 2.878758490647420398e+00, -2.405592886753007420e-01, 3.903888175904865587e+00, -8.588988316647944155e-02, 4.027652321227926380e-01, 4.374953239990266862e-01, 1.433679315629145856e+00, 1.441052036478498222e+00, 2.853800812191395586e+00, 2.850091117089986970e+00
1.685782856966349641e+01, 7.936259829550240674e+00, 4.210686614017933316e-02, 3.358744999482350391e+00, 3.287384678661016135e+00, 3.404426816532165834e+00, 2.405592886753007420e-01, 4.096111824095134857e+00, 8.588988316647944155e-02, 5.972347678772074175e-01, 5.625046760009733138e-01, 1.707913337960647260e+00, 1.700540617111294894e+00, 3.429384494988190646e+00, 3.433094190089599262e+00
