m1,  m2,  costheta_jn,  phi_orb,  psi,  ra,  dec,  logdistance,  time,  a1,  a2,  tilt1,  tilt2,  phi12,  phi_jl
16.0, 7.0, 0.0, 3.141592653589793, 3.141592653589793, 3.141592653589793, 0.0, 4.0, 0.0, 0.5, 0.5, 1.5707963267948966, 1.5707963267948966, 3.141592653589793, 3.141592653589793
